<?xml version="1.0" encoding="UTF-8"?>
<beans xmlns="http://www.springframework.org/schema/beans"
	xmlns:xsi="http://www.w3.org/2001/XMLSchema-instance"
	xmlns:util="http://www.springframework.org/schema/util"
	xsi:schemaLocation="http://www.springframework.org/schema/beans
           http://www.springframework.org/schema/beans/spring-beans.xsd
           http://www.springframework.org/schema/util 
   		   http://www.springframework.org/schema/util/spring-util.xsd">
   		   <bean id="dateFormat" class="java.text.SimpleDateFormat">
   		   	<constructor-arg value="dd/MM/yyyy"/>
   		   </bean>
    <bean id = "sandwich" class = "com.cognizant.truyum.model.MenuItem">
    	<property name="id" value = "1"/>
    	<property name="name" value = "Sandwich"/>
    	<property name="price" value = "99f"/>
    	<property name="active" value = "true"/>
		<property name="dateOfLaunch">
			<bean factory-bean="dateFormat" factory-method="parse">
				<constructor-arg value="15/03/2017" />
			</bean>
		</property>
    	<property name="category" value = "Main Course"/>
    	<property name="freeDelivery" value = "true"/>
    </bean>
    
    <bean id = "burgar" class = "com.cognizant.truyum.model.MenuItem">
    	<property name="id" value = "2"/>
    	<property name="name" value = "Burgar"/>
    	<property name="price" value = "129f"/>
    	<property name="active" value = "true"/>
		<property name="dateOfLaunch">
			<bean factory-bean="dateFormat" factory-method="parse">
				<constructor-arg value="23/12/2017" />
			</bean>
		</property>
    	<property name="category" value = "Main Course"/>
    	<property name="freeDelivery" value = "false"/>
    </bean>
    
    <bean id = "pizza" class = "com.cognizant.truyum.model.MenuItem">
    	<property name="id" value = "3"/>
    	<property name="name" value = "Pizza"/>
    	<property name="price" value = "149f"/>
    	<property name="active" value = "true"/>
		<property name="dateOfLaunch">
			<bean factory-bean="dateFormat" factory-method="parse">
				<constructor-arg value="21/08/2018" />
			</bean>
		</property>
    	<property name="category" value = "Main Course"/>
    	<property name="freeDelivery" value = "false"/>
    </bean>
    
    <bean id = "french-fries" class = "com.cognizant.truyum.model.MenuItem">
    	<property name="id" value = "4"/>
    	<property name="name" value = "French Fries"/>
    	<property name="price" value = "57f"/>
    	<property name="active" value = "false"/>
		<property name="dateOfLaunch">
			<bean factory-bean="dateFormat" factory-method="parse">
				<constructor-arg value="02/07/2017" />
			</bean>
		</property>
    	<property name="category" value = "Starters"/>
    	<property name="freeDelivery" value = "true"/>
    </bean>
    
    <bean id = "chocolate-brownie" class = "com.cognizant.truyum.model.MenuItem">
    	<property name="id" value = "5"/>
    	<property name="name" value = "Chocolate Beownie"/>
    	<property name="price" value = "32f"/>
    	<property name="active" value = "true"/>
		<property name="dateOfLaunch">
			<bean factory-bean="dateFormat" factory-method="parse">
				<constructor-arg value="02/11/2022" />
			</bean>
		</property>
    	<property name="category" value = "Desert"/>
    	<property name="freeDelivery" value = "true"/>
    </bean>
    
    <bean id="menuList" class="java.util.ArrayList">
    	<constructor-arg>
    		<list>
    			<ref bean="sandwich"/>
    			<ref bean="burgar"/>
    			<ref bean="pizza"/>
    			<ref bean="french-fries"/>
    			<ref bean="chocolate-brownie"/>
    		</list>
    	</constructor-arg>
    </bean>
</beans>